customer_id,full_name,city,transactions,total_spend,fee_revenue,est_annual_revenue,est_clv_5yr
94,Nihal Merchant,Mumbai,63,560720.41,2739.19,3689.32,18446.61
288,Nikita Pau,Delhi,66,565883.86,2661.86,3585.16,17925.81
486,Aarush Hayre,Kolkata,84,597702.30,2647.57,3565.91,17829.55
317,Rishi Balan,Kolkata,72,521994.30,2455.65,3307.43,16537.15
138,Jai Handa,Pune,68,510685.32,2314.99,3117.98,15589.89
83,Manbir Chaudhuri,Jaipur,73,491229.64,2210.37,2977.07,14885.35
130,Rayaan Vohra,Ahmedabad,70,443282.12,2158.83,2907.65,14538.23
241,Idika Ghose,Jaipur,73,462350.87,2154.46,2901.76,14508.79
465,Nimrat Verma,Ahmedabad,57,460402.52,2079.34,2800.59,14002.95
219,Rachit Atwal,Ahmedabad,57,463555.61,2032.17,2737.06,13685.29
188,Aditya Raja,Ahmedabad,62,449517.33,2014.92,2713.83,13569.13
366,Yatan Sridhar,Lucknow,60,421319.24,1984.25,2672.51,13362.56
369,Adweta Bansal,Delhi,61,440204.61,1924.07,2591.46,12957.32
53,Harita Brar,Delhi,64,415520.30,1915.69,2580.17,12900.87
384,Banjeet Nayak,Jaipur,72,411701.67,1907.10,2568.60,12843.01
374,Kashvi Ghosh,Hyderabad,61,408248.88,1844.52,2484.32,12421.59
443,Banjeet Sharma,Pune,59,401319.91,1833.44,2469.40,12346.98
359,Kamala Raghavan,Delhi,57,401790.87,1827.67,2461.63,12308.13
3,Ayush Khosla,Chennai,73,374349.85,1807.27,2434.15,12170.73
197,Raghav Dyal,Kolkata,67,365316.81,1802.73,2428.03,12140.15
97,Rishi Dalal,Mumbai,62,376378.50,1801.84,2426.84,12134.19
205,Chandresh Mangal,Jaipur,58,390083.21,1781.13,2398.94,11994.72
120,Hiral Dey,Chennai,57,382249.28,1773.37,2388.49,11942.46
196,Pushti Prashad,Bengaluru,67,391753.66,1772.34,2387.10,11935.49
427,Saumya Keer,Lucknow,57,394586.21,1734.58,2336.24,11681.21
59,Bhavika Shetty,Chennai,54,397370.20,1730.07,2330.17,11650.84
239,Anamika Parmer,Kolkata,70,393627.06,1729.91,2329.96,11649.79
261,Geetika Kuruvilla,Delhi,60,366331.43,1720.25,2316.94,11584.70
350,Alexander Keer,Chennai,71,364077.87,1702.86,2293.52,11467.58
31,Ira Borra,Mumbai,63,385864.04,1698.85,2288.12,11440.60
30,Janani Shroff,Jaipur,63,381289.86,1697.07,2285.72,11428.60
200,Vrishti Suresh,Ahmedabad,53,341866.73,1678.44,2260.63,11303.15
227,Sudiksha Shan,Delhi,71,362436.47,1668.70,2247.52,11237.59
278,Henry Raghavan,Pune,50,385311.50,1661.78,2238.19,11190.95
4,Irya Muni,Chennai,59,339392.88,1656.62,2231.24,11156.22
429,Nilima Patil,Bengaluru,67,341436.92,1638.25,2206.50,11032.50
167,Balvan Deo,Mumbai,42,326266.61,1631.09,2196.85,10984.26
58,Siya Atwal,Mumbai,64,347372.19,1606.73,2164.05,10820.25
175,Dhriti Balan,Chennai,64,364303.60,1590.59,2142.30,10711.51
214,Kai Sahota,Kolkata,66,352206.83,1587.95,2138.75,10693.76
403,Ekaja Badal,Mumbai,40,346415.28,1587.93,2138.72,10693.62
32,Ucchal Suri,Delhi,66,356017.99,1564.50,2107.17,10535.84
140,Vyanjana Madan,Delhi,57,325477.88,1564.20,2106.77,10533.84
231,Vanya Chakrabarti,Ahmedabad,49,360722.22,1558.10,2098.55,10492.77
88,Hritik Doctor,Chennai,67,340182.94,1553.87,2092.85,10464.24
290,Imaran Lall,Ahmedabad,61,341158.63,1534.75,2067.09,10335.47
185,Eiravati Hora,Lucknow,39,306394.91,1531.97,2063.36,10316.80
11,Nakul Lal,Hyderabad,52,330078.28,1526.86,2056.47,10282.37
362,Charita Bhandari,Mumbai,34,335525.77,1515.36,2040.98,10204.89
132,Anmol Bora,Lucknow,76,325579.40,1498.80,2018.67,10093.37
313,Maanas Atwal,Kolkata,63,333017.34,1497.87,2017.42,10087.12
376,Meghana Kadakia,Delhi,67,318884.14,1495.14,2013.75,10068.75
386,Quincy Pai,Jaipur,62,309259.46,1494.68,2013.13,10065.63
394,Vansha Chahal,Pune,34,320549.75,1483.55,1998.14,9990.72
438,Ansh Gola,Bengaluru,48,323837.88,1477.95,1990.59,9952.96
236,Shaurya Kothari,Bengaluru,55,307527.70,1464.75,1972.81,9864.07
117,Harish Mani,Lucknow,59,323469.80,1461.11,1967.91,9839.56
119,Vasudha Kurian,Jaipur,92,320558.78,1460.17,1966.65,9833.25
334,Mitesh Mital,Ahmedabad,59,342714.51,1455.79,1960.74,9803.72
310,Arya Rastogi,Mumbai,35,305630.74,1445.90,1947.43,9737.17
28,Upadhriti Deshmukh,Kolkata,38,295172.48,1442.44,1942.77,9713.85
379,Eesha Balay,Delhi,66,298534.66,1433.54,1930.78,9653.91
422,Utkarsh Gole,Bengaluru,67,322064.56,1431.52,1928.06,9640.32
453,Varenya Kibe,Jaipur,53,289636.65,1421.68,1914.80,9574.02
170,Meghana Bala,Pune,73,292454.78,1380.55,1859.42,9297.09
226,Tanay D’Alia,Lucknow,58,302501.90,1370.21,1845.48,9227.42
328,Aahana Tak,Hyderabad,53,293463.99,1366.25,1840.16,9200.78
475,Zinal Gole,Pune,57,285283.36,1363.63,1836.62,9183.09
204,Manya Venkatesh,Ahmedabad,62,296951.14,1362.75,1835.43,9177.17
491,Diya Chada,Kolkata,32,284463.61,1360.58,1832.52,9162.58
263,Abhiram Jain,Mumbai,68,289398.91,1358.05,1829.11,9145.53
335,Andrew Deshpande,Jaipur,69,293763.71,1355.92,1826.24,9131.18
195,Vansha Apte,Hyderabad,68,285296.55,1348.46,1816.20,9080.98
118,Anirudh Andra,Pune,48,288374.22,1343.25,1809.17,9045.87
153,Vyanjana Chatterjee,Delhi,59,283265.54,1340.09,1804.92,9024.59
309,Janya Dua,Pune,65,289833.41,1339.07,1803.55,9017.74
66,Chavvi Contractor,Lucknow,65,299397.75,1332.92,1795.26,8976.32
355,Ucchal Pandit,Chennai,45,280927.38,1322.58,1781.34,8906.69
332,Tanay Nadig,Kolkata,37,301129.46,1322.30,1780.96,8904.78
55,Manbir Merchant,Ahmedabad,39,294621.86,1317.97,1775.13,8875.66
471,Rachit Mitter,Ahmedabad,74,291887.38,1314.06,1769.86,8849.28
176,Raksha Dugar,Lucknow,63,283030.39,1311.85,1766.89,8834.43
160,Yashodhara Chowdhury,Lucknow,42,299065.68,1310.85,1765.54,8827.71
361,Nirja Anne,Jaipur,56,286845.89,1307.84,1761.48,8807.38
164,Vasana Sura,Lucknow,71,293628.49,1302.20,1753.88,8769.42
411,Darsh Kaul,Delhi,61,293599.86,1286.38,1732.58,8662.89
158,Ekiya Grover,Kolkata,34,261026.94,1283.53,1728.74,8643.69
282,Advaith Sabharwal,Jaipur,33,256590.73,1282.95,1727.96,8639.82
383,Samaksh Goyal,Ahmedabad,41,295357.87,1269.65,1710.04,8550.20
463,Ayush Venkatesh,Ahmedabad,37,270915.33,1256.51,1692.34,8461.72
216,Vincent Dalal,Kolkata,34,280297.90,1246.93,1679.45,8397.23
215,Manan Chatterjee,Ahmedabad,34,261083.74,1245.87,1678.01,8390.06
189,Amruta Mand,Ahmedabad,50,290031.12,1244.81,1676.59,8382.97
395,Abeer Mane,Hyderabad,35,253245.25,1242.83,1673.92,8369.59
141,Jai Ramachandran,Jaipur,33,261498.64,1238.39,1667.94,8339.69
56,Ekantika Chatterjee,Ahmedabad,60,285397.67,1234.00,1662.03,8310.17
348,Ekaraj Acharya,Lucknow,60,256311.84,1225.93,1651.17,8255.83
274,Qushi Varty,Ahmedabad,69,272454.54,1217.73,1640.12,8200.58
230,Fitan Borde,Mumbai,64,259725.73,1210.30,1630.10,8150.52
295,Dayita Keer,Mumbai,39,247481.30,1205.30,1623.37,8116.84
342,Arya De,Jaipur,36,272636.17,1197.83,1613.31,8066.56
293,Shivani Bora,Pune,34,246449.01,1176.39,1584.43,7922.15
48,Rehaan Halder,Lucknow,56,249644.62,1170.98,1577.15,7885.76
434,Falguni Chakraborty,Delhi,36,249703.15,1166.23,1570.76,7853.78
494,Shivansh Srivastava,Jaipur,38,261013.45,1150.50,1549.57,7747.83
301,Rishi Suri,Kolkata,39,247720.97,1148.05,1546.26,7731.31
220,Geetika Bhattacharyya,Mumbai,32,257894.25,1147.85,1546.00,7729.98
21,Viraj Sathe,Lucknow,63,255546.83,1146.22,1543.80,7719.01
244,Dakshesh Pal,Chennai,50,258231.60,1145.23,1542.47,7712.34
368,Chaman Sarma,Kolkata,63,254729.22,1144.40,1541.35,7706.77
420,Baljiwan Wason,Jaipur,57,240861.80,1139.19,1534.33,7671.66
6,Warjas Kibe,Hyderabad,38,259497.88,1123.83,1513.64,7568.21
311,Krishna Kibe,Kolkata,32,227213.34,1112.78,1498.76,7493.81
492,Ati Menon,Chennai,58,239633.92,1110.93,1496.28,7481.38
345,Eesha Trivedi,Delhi,65,233601.06,1105.72,1489.25,7446.27
9,Siddharth Sur,Jaipur,57,235510.35,1098.98,1480.17,7400.86
281,Arunima Rao,Bengaluru,49,245887.44,1095.16,1475.03,7375.13
304,Pahal Dugar,Lucknow,27,226032.57,1086.40,1463.23,7316.16
177,Andrew Saini,Kolkata,40,245285.38,1084.79,1461.06,7305.29
190,Peter Ghose,Jaipur,55,264027.78,1082.67,1458.21,7291.04
338,Vamakshi Toor,Ahmedabad,40,234592.20,1081.10,1456.09,7280.46
409,Sanya Mander,Hyderabad,34,230945.77,1077.33,1451.01,7255.07
199,Radha Aggarwal,Chennai,31,231310.25,1071.14,1442.68,7213.40
484,Balvan Yohannan,Kolkata,35,224432.91,1068.52,1439.15,7195.73
265,William Kaul,Bengaluru,32,226005.75,1067.82,1438.21,7191.03
203,Gopal Date,Chennai,36,234586.08,1066.58,1436.53,7182.66
258,Riya Radhakrishnan,Lucknow,31,251079.38,1066.21,1436.04,7180.22
421,Zilmil Soman,Chennai,30,228360.94,1066.15,1435.96,7179.81
351,Sathvik Dube,Lucknow,38,215682.86,1058.28,1425.36,7126.81
468,Chakradhar Bhatia,Kolkata,35,218235.52,1057.81,1424.72,7123.62
169,Tripti Savant,Pune,31,242299.46,1054.08,1419.70,7098.50
98,Prisha Bhattacharyya,Mumbai,32,231735.45,1049.64,1413.72,7068.58
340,Henry Nagi,Ahmedabad,37,209599.05,1034.37,1393.15,6965.75
69,Raksha Contractor,Mumbai,32,222883.96,1034.29,1393.05,6965.24
180,Mitesh Chawla,Mumbai,27,206664.94,1033.32,1391.75,6958.74
46,Vaishnavi Behl,Hyderabad,40,220467.49,1032.07,1390.05,6950.25
367,Chandani Pau,Hyderabad,65,222458.68,1031.05,1388.69,6943.44
371,Yuvraj Kannan,Ahmedabad,33,227144.11,1025.79,1381.59,6907.97
233,Onkar Pant,Chennai,31,245150.19,1022.84,1377.63,6888.15
296,Ria Chakraborty,Kolkata,65,214617.02,1022.44,1377.08,6885.42
71,Qasim Muni,Chennai,41,212702.90,1021.35,1375.62,6878.09
45,Anita Sha,Mumbai,38,223419.34,1020.16,1374.02,6870.08
325,Ekanta Ramaswamy,Hyderabad,34,217075.88,1019.98,1373.78,6868.90
299,Zehaan Raghavan,Pune,41,245100.86,1016.54,1369.15,6845.73
73,Ishani Mitra,Lucknow,28,209719.77,1015.89,1368.27,6841.36
102,Ganga Garg,Chennai,34,230692.58,1014.75,1366.73,6833.63
33,Ojasvi Korpal,Kolkata,30,233092.39,1012.30,1363.43,6817.15
139,Tanmayi Raghavan,Mumbai,73,213715.76,1011.99,1363.01,6815.05
154,Noah Sandhu,Ahmedabad,74,207348.27,1011.73,1362.67,6813.34
370,Yash Bahl,Jaipur,70,220540.92,1008.62,1358.47,6792.36
401,Neel Mutti,Pune,62,213196.29,1008.17,1357.87,6789.33
187,Falan Banerjee,Hyderabad,60,214342.77,1007.22,1356.59,6782.97
193,Gaurangi Sarkar,Delhi,95,211346.39,1007.18,1356.53,6782.65
307,Ryan Kalla,Pune,37,218835.89,999.54,1346.24,6731.22
36,Vasana Madan,Jaipur,43,210672.32,996.72,1342.44,6712.21
315,Darika Bahl,Mumbai,59,207236.76,993.43,1338.02,6690.10
470,Anamika Dugar,Lucknow,31,228959.30,993.05,1337.51,6687.54
490,Oliver Krishna,Jaipur,34,216585.24,985.87,1327.83,6639.14
178,Sai Biswas,Lucknow,51,215695.52,982.57,1323.38,6616.92
300,Lohit Naidu,Lucknow,32,215492.78,979.88,1319.76,6598.80
262,Tripti Dhar,Chennai,29,214892.43,979.04,1318.63,6593.17
303,Zansi Kothari,Bengaluru,28,205437.82,976.42,1315.11,6575.53
17,Victor Palla,Chennai,38,201137.18,968.35,1304.23,6521.17
285,Rushil Chauhan,Bengaluru,30,228058.72,965.58,1300.50,6502.51
129,Jagat Mittal,Ahmedabad,78,218698.61,963.34,1297.48,6487.41
74,Raagini Bora,Lucknow,33,202581.33,963.26,1297.38,6486.92
146,Bhavika Ganesh,Ahmedabad,37,214747.48,957.82,1290.05,6450.25
257,Anvi Jhaveri,Pune,52,208163.25,954.96,1286.20,6430.98
343,Osha Hora,Mumbai,25,210896.56,949.90,1279.39,6396.94
183,Varsha Morar,Chennai,37,218181.34,947.09,1275.60,6377.98
112,Urvi Murthy,Jaipur,57,208271.90,942.85,1269.89,6349.44
79,Anvi Sengupta,Lucknow,53,214748.90,941.33,1267.84,6339.22
248,Rachita Thakkar,Kolkata,26,195755.42,920.82,1240.22,6201.11
255,Vrishti Dixit,Pune,30,198076.38,919.59,1238.57,6192.84
354,Chanchal Korpal,Bengaluru,34,185566.18,917.77,1236.11,6180.57
148,Hema Rao,Kolkata,43,193538.08,914.86,1232.20,6160.99
322,Bachittar Goel,Hyderabad,58,200512.93,914.55,1231.77,6158.86
312,Michael Gara,Hyderabad,32,203454.36,908.79,1224.01,6120.07
104,Naksh Nagar,Hyderabad,35,204809.11,908.62,1223.79,6118.96
217,Ekapad Iyer,Bengaluru,34,207606.26,907.07,1221.69,6108.47
363,Baljiwan Setty,Pune,38,184399.21,903.92,1217.45,6087.26
253,Tejas Malhotra,Jaipur,37,185733.30,902.30,1215.28,6076.40
458,Upasna Comar,Delhi,72,192404.86,889.44,1197.96,5989.79
365,Anay Bora,Lucknow,25,177736.00,888.68,1196.93,5984.65
389,Zilmil Saxena,Kolkata,30,177663.41,888.32,1196.44,5982.21
286,Jyoti Kota,Bengaluru,44,191070.02,887.84,1195.80,5979.02
461,Zayyan Garg,Bengaluru,34,193871.61,886.34,1193.78,5968.88
137,Widisha Babu,Chennai,61,184727.50,885.47,1192.60,5963.02
168,Charan Munshi,Ahmedabad,31,193581.89,884.88,1191.82,5959.08
483,Onkar Kade,Lucknow,25,188037.72,879.93,1185.14,5925.71
358,Jagat Sarraf,Ahmedabad,59,181292.41,875.47,1179.14,5895.69
151,Noah Sani,Jaipur,63,189712.39,870.87,1172.94,5864.68
52,Geetika Mistry,Delhi,25,185614.85,867.28,1168.10,5840.52
16,Kashish Gaba,Pune,47,172914.14,864.57,1164.46,5822.29
126,Riya Buch,Lucknow,62,184846.40,864.40,1164.22,5821.11
349,Urishilla Padmanabhan,Jaipur,33,194677.35,864.24,1164.01,5820.07
460,Madhav Sathe,Lucknow,28,177612.67,862.34,1161.45,5807.26
414,Aditya Balay,Hyderabad,26,178738.68,859.17,1157.19,5785.95
174,Vasana Bhakta,Chennai,34,189799.55,857.86,1155.41,5777.07
393,Nikita Bakshi,Mumbai,28,170906.49,854.53,1150.94,5754.69
337,Anamika Magar,Bengaluru,59,184007.89,852.57,1148.30,5741.51
264,Aadi Sankar,Delhi,27,177116.44,848.26,1142.49,5712.46
316,Advay Baral,Lucknow,52,192577.72,846.04,1139.51,5697.53
225,Yatin Dixit,Lucknow,38,196870.87,845.47,1138.73,5693.63
12,Hredhaan Toor,Lucknow,34,202015.51,840.21,1131.65,5658.24
352,Hemangini Sha,Bengaluru,38,178874.89,840.11,1131.51,5657.56
70,Omkaar Panchal,Bengaluru,33,179458.51,838.91,1129.90,5649.50
20,Devansh Handa,Pune,33,167255.99,836.28,1126.35,5631.77
391,Harshil Banerjee,Bengaluru,41,212643.34,835.71,1125.58,5627.92
142,Omisha Balan,Delhi,34,183999.02,833.90,1123.15,5615.74
81,Lucky Krishnan,Hyderabad,31,196551.26,830.96,1119.19,5595.94
499,Ira Mander,Delhi,69,182857.99,828.41,1115.75,5578.77
159,Vamakshi Suresh,Pune,79,169703.48,828.02,1115.22,5576.12
122,Ganga Sha,Delhi,30,173200.28,817.95,1101.67,5508.33
489,Oviya Bumb,Ahmedabad,36,185274.84,810.84,1092.09,5460.47
110,Shravya Mistry,Pune,32,173661.79,810.57,1091.73,5458.65
451,Widisha Mitter,Delhi,26,167066.16,807.29,1087.31,5436.56
406,Eta Mall,Kolkata,27,170504.47,798.93,1076.05,5380.23
163,Eta Nagy,Bengaluru,31,159009.13,795.05,1070.82,5354.09
380,Jyoti Chadha,Pune,33,168998.55,794.51,1070.10,5350.49
339,Veda Ram,Kolkata,29,181085.59,794.37,1069.91,5349.57
435,Sai De,Ahmedabad,28,165032.20,793.69,1069.00,5344.98
206,Anjali Randhawa,Kolkata,41,166384.52,793.01,1068.08,5340.41
194,Rohan Bali,Ahmedabad,35,166268.53,788.04,1061.39,5306.94
44,Timothy Mall,Chennai,23,170159.20,786.50,1059.31,5296.56
147,Nidra Ahuja,Ahmedabad,39,161625.88,785.78,1058.34,5291.71
165,Eiravati Sundaram,Lucknow,58,171861.27,782.97,1054.55,5272.76
407,Lohit Garg,Pune,23,185865.45,778.37,1048.36,5241.78
62,Bhavya Johal,Kolkata,27,164697.31,777.13,1046.69,5233.43
124,Ayaan Setty,Kolkata,53,157061.56,776.65,1046.04,5230.20
49,Wyatt Pai,Ahmedabad,39,170321.04,775.44,1044.41,5222.04
8,Abhimanyu Chander,Chennai,34,188184.62,775.20,1044.09,5220.46
54,Farhan Borah,Ahmedabad,26,174549.60,772.92,1041.02,5205.08
134,Samuel Bath,Chennai,62,166194.07,771.98,1039.76,5198.78
191,Gagan Swaminathan,Jaipur,27,170219.30,771.08,1038.53,5192.67
321,Ridhi Gour,Ahmedabad,20,157022.01,766.55,1032.44,5162.18
92,Mohammed Varma,Bengaluru,25,168834.22,763.83,1028.77,5143.87
320,Hiral Bal,Bengaluru,28,179963.04,763.05,1027.72,5138.60
192,Neel Bhargava,Lucknow,36,162258.68,762.12,1026.47,5132.33
445,Tamanna Mane,Delhi,33,152380.72,761.90,1026.18,5130.90
377,Kamya Saxena,Hyderabad,48,191275.64,761.26,1025.31,5126.53
184,Arya Mistry,Lucknow,48,171737.11,759.55,1023.01,5115.04
375,Charvi Pathak,Ahmedabad,32,156953.58,756.94,1019.50,5097.50
404,Jhalak Mohanty,Mumbai,34,160164.41,756.22,1018.52,5092.60
448,Arjun Bose,Lucknow,40,184906.71,755.60,1017.69,5088.44
179,Vedika Pillay,Bengaluru,35,162434.63,753.56,1014.95,5074.73
440,Thomas Bera,Bengaluru,27,162013.47,753.49,1014.85,5074.26
477,Ganga Mohanty,Pune,52,175680.48,750.23,1010.45,5052.26
292,Kamala Chana,Kolkata,35,172524.61,746.75,1005.77,5028.87
107,Aayush Chokshi,Ahmedabad,33,172966.85,746.52,1005.46,5027.30
330,Gaurika Mane,Hyderabad,25,155586.32,743.56,1001.48,5007.38
472,Priya Bir,Delhi,29,166859.02,740.09,996.80,4984.00
108,Sanya Thaman,Ahmedabad,67,174906.52,739.85,996.48,4982.38
135,Jason Tata,Ahmedabad,22,176148.24,737.00,992.64,4963.21
413,Ganga Mitter,Kolkata,27,173836.80,736.56,992.05,4960.23
198,Oni Jha,Kolkata,27,145433.53,727.17,979.40,4896.98
106,Yadavi Bajaj,Delhi,28,166369.57,726.50,978.49,4892.47
439,Devansh Tata,Hyderabad,31,150979.80,725.94,977.75,4888.74
450,Idika Kakar,Pune,34,149602.60,722.88,973.62,4868.12
441,Watika Shankar,Ahmedabad,58,150612.50,722.17,972.66,4863.31
144,Chameli Grover,Ahmedabad,29,166887.97,720.18,969.99,4849.93
238,Udyati Arya,Lucknow,60,162086.31,713.50,960.99,4804.97
298,Idika Pall,Bengaluru,21,157768.07,713.07,960.41,4802.04
400,Pranav Gade,Chennai,23,150376.79,712.98,960.29,4801.44
235,Zilmil Bava,Pune,24,146871.00,710.86,957.43,4787.13
353,Tripti Peri,Bengaluru,25,171242.71,710.38,956.79,4783.94
469,Udyati Sarraf,Pune,28,157598.87,708.74,954.57,4772.85
133,Oeshi Mandal,Chennai,32,157268.16,708.72,954.56,4772.78
408,Ishaan Reddy,Chennai,33,146457.98,702.29,945.89,4729.47
314,Ekta Badami,Bengaluru,31,158539.90,701.68,945.07,4725.35
2,Chatresh Misra,Chennai,24,149128.35,699.52,942.16,4710.79
415,Ekani Muni,Ahmedabad,25,147166.57,695.04,936.12,4680.61
457,Daksha Sagar,Bengaluru,40,152751.40,694.57,935.49,4677.44
287,Vamakshi Deshmukh,Kolkata,32,148382.46,690.06,929.42,4647.08
341,Charan Jhaveri,Hyderabad,28,173423.25,685.93,923.85,4619.27
78,Mahika Bhalla,Delhi,34,144966.08,681.73,918.19,4590.96
127,Ranveer Karpe,Mumbai,27,144212.59,677.81,912.92,4564.62
318,Tanay Muni,Chennai,68,149036.20,677.78,912.88,4564.39
364,Thomas Boase,Ahmedabad,30,194664.79,674.79,908.85,4544.24
76,Ojas Ganguly,Kolkata,35,142533.94,670.74,903.39,4516.94
269,Indrajit Prabhakar,Lucknow,26,160506.98,666.03,897.06,4485.28
186,Ansh Shenoy,Pune,55,145586.38,662.17,891.86,4459.28
297,Oscar Sarna,Chennai,26,151421.69,661.63,891.12,4455.62
464,Timothy Pai,Chennai,34,144754.00,658.25,886.58,4432.89
385,Ishani Devi,Lucknow,41,141617.40,658.15,886.44,4432.22
495,Eta Din,Jaipur,39,148176.23,650.87,876.63,4383.15
68,Raagini Sampath,Jaipur,33,153130.61,648.50,873.44,4367.22
388,Ekaja Som,Lucknow,65,144447.28,641.88,864.53,4322.65
250,Henry Padmanabhan,Pune,33,138005.98,641.63,864.19,4320.96
14,Charita Sampath,Ahmedabad,33,145498.23,641.18,863.58,4317.92
64,Yashvi Chopra,Jaipur,39,134610.19,640.98,863.32,4316.60
449,Adweta Comar,Kolkata,33,138227.81,640.67,862.90,4314.48
251,Bina Mannan,Bengaluru,61,130630.69,635.40,855.80,4278.98
166,Fariq Mahal,Pune,52,130012.82,634.01,853.92,4269.59
26,Harshil Salvi,Kolkata,37,134635.88,631.45,850.48,4252.40
488,Tanvi Mahal,Ahmedabad,31,132977.44,630.96,849.82,4249.12
392,Odika Dugal,Pune,36,135470.60,630.19,848.77,4243.87
381,Aahana Sahni,Kolkata,32,125524.83,627.62,845.32,4226.62
123,Daksh Bhatia,Kolkata,31,129130.11,624.90,841.66,4208.29
433,Ranbir Kapur,Kolkata,30,124779.88,623.90,840.31,4201.54
243,Fariq Sagar,Hyderabad,29,124058.36,620.29,835.45,4177.24
86,Umang Varghese,Bengaluru,38,133019.02,619.66,834.60,4173.00
40,Niharika Bhasin,Chennai,36,136929.55,618.76,833.38,4166.89
430,Nathan Ray,Kolkata,30,126354.04,613.78,826.67,4133.36
34,Peter Kuruvilla,Lucknow,66,134689.11,612.14,824.47,4122.33
291,Vedant Sethi,Delhi,21,148697.63,611.99,824.26,4121.32
75,Omaja Garg,Chennai,37,127002.12,611.64,823.80,4119.00
308,Priya Saraf,Kolkata,24,130616.38,607.57,818.31,4091.56
67,Faraj Som,Hyderabad,31,133629.12,605.30,815.26,4076.29
426,Sneha Dey,Lucknow,68,122299.52,603.62,812.99,4064.97
252,Nitara Sunder,Kolkata,41,126504.58,601.76,810.49,4052.44
327,Atharv Saini,Kolkata,31,138883.29,598.84,806.56,4032.79
431,Omisha Setty,Hyderabad,25,143043.11,593.67,799.60,3997.99
496,Orinder Hayre,Ahmedabad,55,132079.48,590.67,795.55,3977.75
172,Abhimanyu Lala,Hyderabad,37,132086.49,589.38,793.82,3969.09
498,George Ahuja,Delhi,35,118271.76,587.86,791.77,3958.84
276,Chaaya Tailor,Jaipur,31,117335.17,586.68,790.17,3950.86
270,Indali Bandi,Delhi,34,124544.76,585.80,789.00,3944.98
462,Radhika Balan,Lucknow,31,130131.73,585.02,787.95,3939.74
77,Bishakha Goel,Kolkata,25,116435.79,582.18,784.12,3920.58
485,Indrajit Bahri,Lucknow,34,129659.11,580.85,782.32,3911.62
476,Urmi Gole,Ahmedabad,29,126474.69,574.01,773.11,3865.54
305,Lakshmi Parsa,Kolkata,29,119141.70,573.61,772.57,3862.87
417,Ranveer Chatterjee,Pune,68,124899.76,571.07,769.15,3845.75
480,Chakrika Tella,Hyderabad,31,113792.52,568.96,766.31,3831.57
155,Harshil Mallick,Pune,67,118105.15,563.77,759.32,3796.59
207,Mason Savant,Chennai,28,111910.61,559.55,753.64,3768.21
121,Jacob Bhatia,Hyderabad,24,116676.60,559.25,753.23,3766.13
357,Forum Sekhon,Jaipur,20,111420.99,557.10,750.34,3751.72
111,Amara Som,Kolkata,25,111123.13,555.62,748.34,3741.69
61,Raksha Parmer,Bengaluru,32,120397.49,554.54,746.88,3734.42
222,Arjun Chokshi,Jaipur,34,112179.99,545.58,734.82,3674.12
283,Luke Sheth,Delhi,36,112199.85,542.86,731.16,3655.80
331,Warinder Desai,Delhi,29,120000.20,542.70,730.94,3654.72
397,Ekantika Iyengar,Bengaluru,55,128725.89,539.76,726.98,3634.89
224,Isha Parmar,Ahmedabad,29,113716.14,537.78,724.32,3621.60
43,Anmol Sankaran,Mumbai,32,112481.36,533.67,718.78,3593.92
329,Hemang Bawa,Mumbai,38,125162.52,532.05,716.59,3582.97
466,Peter Dasgupta,Ahmedabad,41,110663.23,524.02,705.79,3528.93
50,Yug Bansal,Delhi,31,104757.76,523.79,705.47,3527.36
221,Tamanna Bahl,Kolkata,29,125669.18,516.35,695.45,3477.27
228,Ranveer Parmer,Chennai,41,118585.80,511.83,689.37,3446.83
7,Darika Kothari,Delhi,27,117747.82,510.79,687.96,3439.79
96,Varenya Prabhakar,Lucknow,25,107560.86,509.16,685.77,3428.86
89,Abhiram Varma,Kolkata,25,101103.89,505.52,680.87,3404.33
272,Aahana Lal,Kolkata,65,111227.33,500.21,673.72,3368.59
211,Aishani Andra,Chennai,24,104435.75,497.81,670.49,3352.44
249,Neelima Dhawan,Ahmedabad,28,99415.87,497.08,669.50,3347.49
212,Viraj Mittal,Kolkata,33,108598.74,492.80,663.73,3318.65
242,Anmol Dube,Lucknow,31,107093.36,487.57,656.70,3283.48
29,Vrinda Bahl,Chennai,19,103469.89,481.42,648.40,3242.02
436,Kritika Pingle,Mumbai,28,107138.36,481.24,648.16,3240.80
145,Abha Manne,Jaipur,27,105088.66,480.84,647.63,3238.13
482,Mason Chakraborty,Bengaluru,29,105872.93,477.18,642.69,3213.47
478,Riya Dara,Chennai,36,104179.16,476.19,641.36,3206.81
390,Fiyaz Dyal,Kolkata,63,106261.22,475.32,640.20,3200.99
271,Yochana Aurora,Pune,40,98758.63,469.32,632.11,3160.54
437,Bhanumati Ben,Chennai,46,109877.13,467.55,629.73,3148.63
428,Nitara Sampath,Hyderabad,57,98940.16,464.12,625.11,3125.54
150,Wriddhish Rattan,Kolkata,26,92337.31,461.69,621.83,3109.14
289,Aarna Sani,Jaipur,27,96696.63,458.78,617.91,3089.54
131,Triveni Saha,Bengaluru,24,93902.79,453.28,610.51,3052.53
487,Bachittar Datta,Chennai,37,98082.20,447.91,603.27,3016.36
378,Vrishti Sundaram,Lucknow,24,93891.37,444.08,598.12,2990.61
306,Advay Majumdar,Pune,29,92961.42,441.68,594.88,2974.38
41,Madhav Bali,Hyderabad,28,93083.15,441.10,594.09,2970.47
360,Peter Sankaran,Lucknow,28,87828.42,439.14,591.46,2957.32
356,Agastya Mangat,Kolkata,39,91125.96,438.14,590.11,2950.54
82,Eesha Vyas,Hyderabad,25,117658.99,437.20,588.85,2944.23
23,Imaran Goda,Delhi,52,97838.01,434.41,585.09,2925.47
25,Oliver Nagarajan,Kolkata,29,97167.80,433.07,583.29,2916.44
35,Udarsh Badal,Ahmedabad,25,89734.65,429.01,577.82,2889.08
101,Neel Kar,Lucknow,34,89796.50,423.64,570.59,2852.94
275,Krish Goswami,Ahmedabad,25,93699.90,418.03,563.03,2815.16
47,Samar Chander,Ahmedabad,28,87651.70,414.48,558.24,2791.21
402,Panini Gaba,Lucknow,21,86590.39,411.10,553.70,2768.51
99,Qarin Sibal,Chennai,27,104623.55,408.57,550.28,2751.42
294,Yoshita Joshi,Delhi,38,84945.45,408.38,550.03,2750.16
51,Banjeet Narasimhan,Pune,33,81067.02,405.34,545.93,2729.66
87,Jasmit Bala,Jaipur,35,86223.73,403.82,543.89,2719.45
324,Sneha Modi,Pune,30,83152.44,395.75,533.03,2665.14
416,Lekha Talwar,Delhi,24,81618.70,392.99,529.31,2646.53
432,Dhruv Roy,Ahmedabad,32,78338.44,391.69,527.56,2637.78
218,Henry Ganguly,Ahmedabad,23,89330.84,391.31,527.05,2635.23
279,Yahvi Samra,Mumbai,37,82456.60,387.07,521.34,2606.68
84,Kashish Sawhney,Jaipur,32,76520.52,382.60,515.31,2576.57
72,Triya Mahajan,Lucknow,40,78696.60,381.67,514.06,2570.29
446,Sara Soni,Pune,32,81398.04,380.19,512.07,2560.34
156,Shivani Comar,Mumbai,35,80183.98,377.67,508.67,2543.37
267,Samuel Subramanian,Ahmedabad,36,74503.76,372.52,501.73,2508.66
410,Siya Sarma,Mumbai,35,78684.09,370.93,499.60,2497.98
277,Janya Dave,Chennai,32,80348.11,370.34,498.80,2493.99
266,Ishanvi Mutti,Jaipur,33,83673.65,367.95,495.58,2477.91
246,Simon Chawla,Kolkata,37,82274.14,367.68,495.21,2476.06
13,Charles Desai,Ahmedabad,26,84535.23,366.45,493.56,2467.78
412,Vasana Chokshi,Lucknow,36,76699.27,365.40,492.15,2460.75
115,Anvi Mani,Hyderabad,29,78166.41,364.95,491.54,2457.72
93,Omkaar Grover,Ahmedabad,23,75929.71,363.89,490.11,2450.57
171,Balendra Wable,Mumbai,21,78963.97,363.45,489.52,2447.61
65,Chaitaly Nagy,Chennai,31,77615.41,358.13,482.35,2411.76
481,Aadi Bhasin,Kolkata,37,73760.36,354.66,477.67,2388.37
22,Amaira Batra,Jaipur,22,77179.84,354.02,476.82,2384.09
15,Andrew Pingle,Jaipur,31,78680.35,352.26,474.44,2372.21
442,Zansi Gole,Hyderabad,22,76111.39,349.64,470.91,2354.56
24,Unni Sehgal,Kolkata,30,74251.38,344.70,464.27,2321.34
260,Wakeeta Srinivas,Kolkata,34,77265.78,341.87,460.46,2302.28
128,Udant Bava,Lucknow,38,77010.08,341.50,459.95,2299.76
387,Chaitaly Raman,Lucknow,31,82520.28,341.00,459.28,2296.39
273,Ranbir Sule,Kolkata,27,74172.80,339.92,457.83,2289.16
323,Anirudh Verma,Delhi,27,76508.41,336.80,453.62,2268.10
223,Daksha Venkatesh,Lucknow,26,77508.82,333.28,448.88,2244.42
1,Vinaya Wadhwa,Lucknow,39,69590.20,332.78,448.21,2241.04
474,Amaira More,Kolkata,30,69700.51,326.26,439.43,2197.16
113,Raghav Murthy,Kolkata,40,67361.94,325.70,438.67,2193.33
161,Lekha Pall,Kolkata,31,79105.46,324.56,437.14,2185.71
27,Madhavi Sarin,Jaipur,26,77410.69,322.88,434.87,2174.35
452,Jai Sarin,Hyderabad,29,67450.37,319.92,430.88,2154.42
333,Advik Shroff,Mumbai,24,72971.37,319.69,430.58,2152.90
136,Anika Borde,Ahmedabad,26,69331.70,317.76,427.97,2139.87
240,Avi Arya,Kolkata,30,74527.34,317.16,427.17,2135.86
336,Noah Pandya,Jaipur,36,71904.62,316.35,426.09,2130.43
57,Rajeshri Wali,Delhi,35,70407.21,314.68,423.83,2119.13
424,Samaksh Khare,Delhi,37,66599.74,310.07,417.62,2088.08
100,Umang Shukla,Jaipur,28,64610.04,308.92,416.07,2080.36
85,Zarna Sahota,Kolkata,42,63025.74,308.41,415.39,2076.93
319,Gaurangi Nadkarni,Hyderabad,29,62853.58,307.71,414.44,2072.20
42,Bimala Bhasin,Delhi,34,64939.70,306.93,413.40,2066.98
60,Reva Zachariah,Chennai,41,61915.49,306.31,412.55,2062.76
473,Varenya Sen,Delhi,32,67629.82,297.80,401.10,2005.49
254,Ekaraj Yohannan,Kolkata,33,66391.60,295.07,397.42,1987.09
419,Saumya Naidu,Chennai,35,59219.53,287.01,386.56,1932.81
467,Lucky Dey,Lucknow,31,63840.44,284.84,383.63,1918.17
37,Chandresh Hari,Ahmedabad,39,59655.64,283.63,382.02,1910.08
346,Gauri Subramaniam,Lucknow,45,64388.46,282.51,380.51,1902.53
109,Suhani Tella,Chennai,36,55910.04,279.55,376.52,1882.58
209,Mahika Pillay,Kolkata,26,75541.42,278.30,374.84,1874.19
456,Dominic Memon,Ahmedabad,44,61112.82,277.44,373.67,1868.36
479,Samar Bhatti,Chennai,35,63359.34,275.53,371.10,1855.51
213,Manya Nair,Kolkata,45,63697.54,273.42,368.27,1841.33
173,Benjamin Mukherjee,Mumbai,34,58238.17,270.95,364.93,1824.67
237,Jagrati Mannan,Delhi,29,53370.17,266.85,359.41,1797.06
245,Yasti Trivedi,Lucknow,36,57500.11,262.83,353.99,1769.97
396,Ekbal Johal,Lucknow,30,60636.93,262.67,353.77,1768.87
423,Qabil Shere,Chennai,32,54434.79,259.72,349.80,1749.01
326,Umang Patil,Kolkata,31,56843.88,259.19,349.09,1745.46
425,Amrita Kuruvilla,Ahmedabad,19,53753.26,257.71,347.10,1735.51
103,Mohini Mittal,Bengaluru,36,55515.18,257.62,346.98,1734.89
114,Mitali Johal,Kolkata,26,50013.50,250.07,336.81,1684.03
418,Hamsini Bahri,Pune,36,53311.59,249.04,335.42,1677.10
234,Dipta Ramaswamy,Lucknow,38,49570.65,247.85,333.82,1669.12
80,Theodore Sarna,Chennai,33,50411.82,247.79,333.74,1668.69
10,Ayush Trivedi,Mumbai,34,55257.26,246.39,331.86,1659.28
259,Urvi Gandhi,Mumbai,28,48810.95,244.05,328.71,1643.54
284,Kiaan Rana,Jaipur,26,52838.83,238.03,320.59,1602.97
493,Omkaar Bal,Delhi,29,51678.23,237.83,320.33,1601.64
63,Advika Parmar,Kolkata,27,52226.41,237.65,320.09,1600.43
201,Isaiah Luthra,Ahmedabad,33,49429.64,237.28,319.59,1597.94
208,Bhavini Mukhopadhyay,Bengaluru,24,50841.61,234.16,315.38,1576.88
39,Falan Modi,Chennai,29,49846.05,232.84,313.60,1568.02
247,Jhalak Kuruvilla,Bengaluru,35,51943.25,231.85,312.27,1561.34
95,Rajata Varghese,Bengaluru,28,47803.60,228.94,308.35,1541.76
162,Parth Walia,Hyderabad,32,47995.63,228.62,307.92,1539.62
125,Siddharth Padmanabhan,Pune,35,52591.02,227.83,306.86,1534.30
256,Yasti Dey,Mumbai,32,47563.66,226.07,304.49,1522.45
143,Bina Butala,Jaipur,27,44417.97,222.09,299.12,1495.62
280,Tarak Raj,Pune,38,44807.50,221.00,297.65,1488.27
19,Anthony Sarin,Delhi,37,44739.33,215.68,290.49,1452.46
105,Chanakya Bedi,Chennai,25,48812.32,214.53,288.95,1444.73
152,Faqid Pai,Pune,25,43732.41,212.84,286.67,1433.34
344,Qabil Ramanathan,Delhi,33,48659.32,212.80,286.62,1433.08
91,Ekalinga Basu,Kolkata,33,46440.62,211.58,284.97,1424.83
90,Zehaan Tripathi,Mumbai,24,43023.50,207.82,279.91,1399.56
497,Finn Cheema,Hyderabad,19,45803.96,204.84,275.89,1379.46
268,Hredhaan Trivedi,Jaipur,40,41962.90,197.84,266.46,1332.30
459,Arya Sarma,Jaipur,30,43131.31,196.42,264.55,1322.73
455,Oscar Sen,Bengaluru,31,52278.25,194.14,261.48,1307.42
229,Isaac Nigam,Chennai,27,39470.89,184.60,248.64,1243.18
382,Samar Kamdar,Lucknow,33,37464.68,180.97,243.74,1218.68
157,Ridhi Dhaliwal,Pune,42,37529.36,171.91,231.55,1157.73
149,Amara Shenoy,Chennai,30,36522.64,170.26,229.32,1146.62
447,Yachana Vyas,Lucknow,27,37504.64,165.00,222.23,1111.15
347,Vincent Nanda,Hyderabad,41,34705.15,158.44,213.40,1067.01
38,Abeer Mane,Jaipur,25,29045.73,145.23,195.60,978.02
182,Madhavi Kaur,Delhi,18,32564.20,143.13,192.77,963.87
398,Lekha Mital,Delhi,37,33134.44,137.68,185.43,927.17
302,Raksha Bhardwaj,Ahmedabad,30,28300.05,135.93,183.08,915.39
372,Azad Dara,Ahmedabad,28,29007.34,133.15,179.33,896.67
500,Dayamai Nigam,Hyderabad,33,27801.15,132.81,178.88,894.40
405,Wahab Dani,Chennai,28,28141.74,132.65,178.66,893.31
18,Dalbir Lal,Ahmedabad,35,29641.69,128.81,173.49,867.43
232,Harshil Shan,Kolkata,30,29469.06,128.80,173.48,867.38
399,Warda Sarin,Ahmedabad,32,27896.32,127.60,171.86,859.29
373,Adweta Sur,Hyderabad,29,28249.71,127.26,171.41,857.04
181,Charvi Tiwari,Pune,31,26821.47,119.62,161.11,805.55
5,Aarush Bobal,Ahmedabad,32,26678.91,117.73,158.57,792.84
454,Widisha Ratta,Jaipur,25,24035.27,116.88,157.43,787.14
444,Ojasvi Bhakta,Mumbai,31,24888.29,115.92,156.12,780.62
210,Pooja Gade,Jaipur,19,24011.06,107.16,144.33,721.65
116,Jairaj Bedi,Lucknow,22,20692.38,103.46,139.35,696.75
202,Vyanjana Keer,Mumbai,22,20374.77,93.10,125.39,626.96
